Workbook

Sheet Resumo
A1: Orçamento MVP — Web + Supabase (Alfabetizador Online)
A2: Configurações (editáveis)
A3: Mensalidade total (R$) | B3: 3000
A4: Horas/mês planejadas (time) | B4: 40
A5: Reserva p/ suporte/QA/retrabalho (%) | B5: 0.2
A6: Horas úteis p/ features (calc) | B6: =B4*(1-B5)
A7: Custo efetivo por hora (R$/h) | B7: =B3/B4
A8: Modelo | B8: Retainer por horas + backlog priorizado
A10: Notas
A11: Custo efetivo/h = Mensalidade total ÷ Horas/mês planejadas (time).
A12: Horas úteis = Horas/mês × (1 − Reserva%). Reserva cobre suporte, QA, retrabalho e alinhamentos.
A13: A aba Backlog_MVP traz horas mín–máx por funcionalidade; a aba Estimativa soma por módulo.

Sheet Backlog_MVP
A1: Módulo | B1: Funcionalidade | C1: Descrição (mín. técnica) | D1: Entrega (Web/Admin/App/Server) | E1: Prioridade (MVP) | F1: Complexidade (S/M/L) | G1: Horas mín | H1: Horas máx | I1: Dependências | J1: Critério de aceite (resumo)
A2: A. Segurança & Acesso | B2: Auth + papéis (admin/tutor) | C2: Login, sessão e papéis via Supabase Auth (JWT); UI de login no Web. | D2: Web + Supabase | E2: Alta | F2: M | G2: 8 | H2: 16 | I2: Supabase Auth | J2: Usuário loga; papel define menus e acesso.
A3: A. Segurança & Acesso | B3: RLS base por papel | C3: Políticas RLS para limitar leitura/escrita por papel (admin vê tudo; tutor vê seus vinculados). | D3: Supabase (DB) | E3: Alta | F3: L | G3: 12 | H3: 24 | I3: Modelo de dados + Auth | J3: Tutor não consulta dados de outro tutor; testes básicos passam.
A4: B. CMS Conteúdo | B4: CRUD Tema/Etapa/Atividade | C4: Tabelas e telas para cadastrar temas, etapas (1/2/3) e atividades ordenadas. | D4: Web + Supabase | E4: Alta | F4: M | G4: 10 | H4: 20 | I4: RLS base | J4: Admin cria/edita; app lista atividades por tema/etapa.
A5: B. CMS Conteúdo | B5: Upload de mídia (vídeo/arquivo) | C5: Storage buckets + upload via signed upload URL; metadados em activity_assets. | D5: Web + Supabase Storage | E5: Alta | F5: M | G5: 10 | H5: 24 | I5: Buckets + RLS storage | J5: Upload ok; app recebe signed URL p/ consumo.
A6: C. Usuários & Vínculos | B6: CRUD alfabetizadores | C6: Cadastro/edição/listagem de alfabetizadores (perfil). | D6: Web + Supabase | E6: Alta | F6: S | G6: 6 | H6: 12 | I6: Auth + profiles | J6: Admin cria tutor; tutor acessa painel.
A7: C. Usuários & Vínculos | B7: CRUD alfabetizandos | C7: Cadastro/edição/listagem de alfabetizandos; status (etapa, inatividade). | D7: Web + Supabase | E7: Alta | F7: M | G7: 10 | H7: 20 | I7: profiles/enrollments | J7: Admin/tutor vê lista e filtros básicos.
A8: C. Usuários & Vínculos | B8: Vínculo tutor↔alfabetizando | C8: Solicitar/confirmar/negar vínculo com motivo; status pendente/confirmado/negado. | D8: Web + Supabase | E8: Alta | F8: M | G8: 10 | H8: 22 | I8: links table + RLS | J8: Tutor confirma/nega; só vinculados aparecem para ele.
A9: C. Usuários & Vínculos | B9: Grupos e membros | C9: Criar grupo, adicionar/remover membros; regra: bloquear inclusão quando avançado. | D9: Web + Supabase | E9: Média | F9: M | G9: 10 | H9: 22 | I9: groups + business rule | J9: Regra de bloqueio funciona; log simples.
A10: D. Atendimento | B10: Inbox de pedidos/locks | C10: Tela tipo fila com help_requests e locks; filtros por status e aluno. | D10: Web + Supabase | E10: Alta | F10: M | G10: 10 | H10: 22 | I10: locks/help_requests | J10: Tutor vê fila dos seus; admin vê global.
A11: D. Atendimento | B11: Destravar tela | C11: Ação de unlock (Edge Function ou update controlado) + registro de quem destravou. | D11: Supabase (Function) + Web | E11: Alta | F11: M | G11: 8 | H11: 18 | I11: RLS + function | J11: Ao destravar, app consegue prosseguir; auditoria básica.
A12: D. Atendimento | B12: Ver submissões (foto/áudio) | C12: Listar submissões e abrir mídia (signed URL) para checagem do tutor. | D12: Web + Storage | E12: Média | F12: M | G12: 8 | H12: 16 | I12: submissions + signed URL | J12: Tutor abre mídia do seu aluno com link temporário.
A13: E. Métricas | B13: Dashboard básico (progresso) | C13: KPIs: % concluído, etapa atual, inatividade, tentativas/erros (agregado). | D13: Web + Supabase | E13: Alta | F13: M | G13: 12 | H13: 26 | I13: progress/attempts views | J13: Filtros por tutor/grupo; números conferem.
... A16: G. Operação | B16: Auditoria mínima | C16: audit_log para ações críticas (unlock, aprovar/recusar). | D16: Supabase (DB) + Web | E16: Média | F16: S | G16: 6 | H16: 12 | I16: actions | J16: Ações críticas registradas com autor e timestamp.

Sheet Estimativa
A1: Módulo | B1: Horas mín (soma) | C1: Horas máx (soma) | D1: Observação
A2: A. Segurança & Acesso | B2: =SUMIF(Backlog_MVP!$A:$A,"A. Segurança & Acesso",Backlog_MVP!$G:$G) | C2: =SUMIF(Backlog_MVP!$A:$A,"A. Segurança & Acesso",Backlog_MVP!$H:$H) | D2: Faixa por funcionalidade; ajuste conforme backlog fechado.
A3: B. CMS Conteúdo | B3: =SUMIF(Backlog_MVP!$A:$A,"B. CMS Conteúdo",Backlog_MVP!$G:$G) | C3: =SUMIF(Backlog_MVP!$A:$A,"B. CMS Conteúdo",Backlog_MVP!$H:$H) | D3: Faixa por funcionalidade; ajuste conforme backlog fechado.
A4: C. Usuários & Vínculos | B4: =SUMIF(Backlog_MVP!$A:$A,"C. Usuários & Vínculos",Backlog_MVP!$G:$G) | C4: =SUMIF(Backlog_MVP!$A:$A,"C. Usuários & Vínculos",Backlog_MVP!$H:$H) | D4: Faixa por funcionalidade; ajuste conforme backlog fechado.
A5: D. Atendimento | B5: =SUMIF(Backlog_MVP!$A:$A,"D. Atendimento",Backlog_MVP!$G:$G) | C5: =SUMIF(Backlog_MVP!$A:$A,"D. Atendimento",Backlog_MVP!$H:$H) | D5: Faixa por funcionalidade; ajuste conforme backlog fechado.
A6: E. Métricas | B6: =SUMIF(Backlog_MVP!$A:$A,"E. Métricas",Backlog_MVP!$G:$G) | C6: =SUMIF(Backlog_MVP!$A:$A,"E. Métricas",Backlog_MVP!$H:$H) | D6: Faixa por funcionalidade; ajuste conforme backlog fechado.
A7: F. Notificações | B7: =SUMIF(Backlog_MVP!$A:$A,"F. Notificações",Backlog_MVP!$G:$G) | C7: =SUMIF(Backlog_MVP!$A:$A,"F. Notificações",Backlog_MVP!$H:$H) | D7: Faixa por funcionalidade; ajuste conforme backlog fechado.
A8: G. Operação | B8: =SUMIF(Backlog_MVP!$A:$A,"G. Operação",Backlog_MVP!$G:$G) | C8: =SUMIF(Backlog_MVP!$A:$A,"G. Operação",Backlog_MVP!$H:$H) | D8: Faixa por funcionalidade; ajuste conforme backlog fechado.
A9: TOTAL | B9: =SUM(B2:B8) | C9: =SUM(C2:C8) | D9: Total estimado do MVP (faixa).

Sheet Mensalidade
A1: Mês | B1: Horas (time) | C1: Foco do mês (milestone) | D1: Entregáveis (resumo) | E1: Riscos/Dependências
A2: 1 | B2: =Resumo!B4 | C2: Base Supabase + CMS mínimo | D2: Auth+papéis; RLS base; CRUD tema/etapa/atividade; buckets e upload funcionando. | E2: Dependência: regras do produto e dados mínimos.
A3: 2 | B3: =Resumo!B4 | C3: Usuários, vínculos e grupos | D3: CRUD alfabetizandos/alfabetizadores; vínculo confirmar/negar; grupos e membros. | E3: RLS deve cobrir joins de vínculo/grupo.
A4: 3 | B4: =Resumo!B4 | C4: Atendimento + métricas básicas | D4: Inbox help/locks; destravar; dashboard progresso/inatividade; ranking simples. | E4: Modelagem de progress/attempts precisa estar estável.

Sheet Infra
A1: Item | B1: Fornecedor | C1: Plano/Obs. | D1: Custo (moeda) | E1: Valor | F1: Periodicidade | G1: Quem paga
A2: Backend | B2: Supabase | C2: Free (MVP) ou Pro (produção). Pro inicia em US$25/mês (+ uso). | D2: USD | F2: Mensal | G2: Cliente
A3: Storage (upload) | B3: Supabase Storage | C3: Usar signed upload URL (2h) para upload seguro. | D3: — | F3: Uso | G3: Cliente
A4: Hospedagem Web | B4: Hostinger | C4: Web estático ou Node.js Apps (se necessário). | D4: BRL | F4: Mensal/Anual | G4: Cliente
A5: Domínio | B5: Registro | C5: Domínio do projeto (já existe). | D5: BRL | F5: Anual | G5: Cliente

Sheet Glossário
A1: Sigla/Termo | B1: Significado | C1: Onde aparece | D1: Explicação básica
A2: MVP | B2: Minimum Viable Product | C2: Resumo / Backlog | D2: Primeira versão para validar a ideia com o mínimo necessário.
A3: CRUD | B3: Create, Read, Update, Delete | C3: Backlog (CMS/usuários/grupos) | D3: Criar, listar/consultar, editar e excluir dados.
A4: RLS | B4: Row Level Security | C4: Backlog (Segurança) | D4: Regras no Postgres que limitam acesso a linhas conforme usuário/papel.
A5: JWT | B5: JSON Web Token | C5: Auth | D5: Token assinado usado para autenticar e carregar claims (ex.: papel).
A6: RBAC | B6: Role-Based Access Control | C6: Segurança / menus | D6: Controle de acesso por papéis (admin/tutor/learner).
A7: SLA | B7: Service Level Agreement | C7: Suporte | D7: Acordo de prazos de resposta/correção e como medir o serviço.
A8: KPI | B8: Key Performance Indicator | C8: Dashboards | D8: Indicadores-chave: progresso, inatividade, taxa de erro, tempo de resposta.
A9: QA | B9: Quality Assurance | C9: Reserva de horas | D9: Testes e verificação de qualidade (inclui regressão).
A10: DB | B10: Database | C10: Supabase | D10: Banco Postgres com tabelas do produto.
A11: Storage | B11: Armazenamento de arquivos | C11: Uploads | D11: Guardar vídeos, imagens, áudios e PDFs.
A12: Signed URL | B12: URL assinada | C12: Mídia | D12: Link temporário para baixar/assistir arquivo sem expor bucket publicamente.
... A14: Realtime | B14: Tempo real | C14: Inbox | D14: Assina mudanças no banco para atualizar telas sem recarregar.

Sheet Guia
A1: Guia básico — como ler este orçamento
A2: Aba | B2: O que é | C2: O que você ajusta | D2: O que sai daqui | E2: Observações
A3: Resumo | B3: Parâmetros do orçamento | C3: Mensalidade, horas/mês, reserva % | D3: Custo/h e horas úteis calculados | E3: Use para explicar o modelo mensal.
A4: Backlog_MVP | B4: Lista de funcionalidades | C4: Horas mín–máx; prioridade; aceite | D4: Escopo do MVP por item | E4: Base para backlog fechado do mês.
A5: Estimativa | B5: Soma por módulo | C5: — | D5: Horas totais (faixa) do MVP | E5: Ajuda a justificar esforço.
A6: Mensalidade | B6: Milestones por mês | C6: Horas/mês (automático do Resumo) | D6: Plano de entrega mensal | E6: Boa para contrato por retainer.
A7: Infra | B7: Custos recorrentes | C7: Valores conforme cliente | D7: Infra separada da mão de obra | E7: Supabase/hosting normalmente do cliente.
A8: Glossário | B8: Siglas/termos | C8: — | D8: Explicação das siglas | E8: Evita ruído com cliente.
